,practice_id,ccg_id,baseline,baseline_ranking,allocation,group_ab,cost_saving_measure
0,A83050,00J,0.1247536460386283,0.8787050359712231,I,B,
1,A81025,00K,0.12841756420878211,0.8972661870503598,con,con,
2,A81054,00M,0.11483967188665176,0.820863309352518,I,A,ppi
